<?xml version='1.0' encoding='UTF-8' ?>
<timeLogEntries>
  <time id="1" path="/videogame-store/PSP0/Planning" start="@1631665369980" delta="35" />
  <time id="2" path="/videogame-store/PSP0/Planning" start="@1631675251756" delta="104" />
  <time id="3" path="/videogame-store/PSP0/Planning" start="@1631930242128" delta="46" />
  <time id="4" path="/videogame-store/PSP0/Planning" start="@1631939044067" delta="89" />
  <time id="5" path="/videogame-store/PSP0/Planning" start="@1631981663336" delta="29" />
  <time id="6" path="/videogame-store/PSP0/Design" start="@1631983470129" delta="16" />
  <time id="7" path="/videogame-store/PSP0/Design" start="@1632001120000" delta="133" />
  <time id="8" path="/videogame-store/PSP0/Design" start="@1632077118655" delta="45" interrupt="9" />
  <time id="9" path="/videogame-store/PSP0/Design" start="@1632084602655" delta="10" />
  <time id="10" path="/videogame-store/PSP0/Code" start="@1632089859501" delta="84" />
  <time id="11" path="/videogame-store/PSP0/Code" start="@1632450910393" delta="72" />
  <time id="12" path="/videogame-store/PSP0/Test" start="@1632456238733" delta="17" />
  <time id="13" path="/videogame-store/PSP0/Code" start="@1632486872177" delta="48" />
  <time id="14" path="/videogame-store/PSP0/Test" start="@1632489738226" delta="22" />
  <time id="15" path="/videogame-store/PSP0/Code" start="@1632541590282" delta="35" interrupt="3" />
  <time id="16" path="/videogame-store/PSP0/Code" start="@1632544850560" delta="20" />
  <time id="17" path="/videogame-store/PSP0/Postmortem" start="@1632609600624" delta="33" />
  <time id="18" path="/videogame-store/PSP0/Postmortem" start="@1632612360319" delta="14" />
  <time id="19" path="/videogame-store/PSP0/Postmortem" start="@1632618098254" delta="70" interrupt="2" />
  <time id="20" path="/videogame-store/PSP0/Postmortem" start="@1632628490279" delta="97" />
  <time id="21" path="/videogame-store/PSP0/Postmortem" start="@1632671040094" delta="35" />
  <time id="22" path="/videogame-store/PSP0/Postmortem" start="@1632679465610" delta="30" />
  <time id="23" path="/videogame-store/PSP0/Test" start="@1632688605272" delta="15" />
  <time id="24" path="/videogame-store/PSP0/Test" start="@1632691627223" delta="38" />
  <time id="25" path="/videogame-store/PSP0/Postmortem" start="@1632713059245" delta="30" />
  <time id="26" path="/videogame-store/PSP0/Test" start="@1632801693523" delta="49" />
  <time id="27" path="/videogame-store/PSP0/Test" start="@1632805436719" delta="24" />
  <time id="28" path="/videogame-store/PSP0/Test" start="@1632808371629" delta="17" />
  <time id="29" path="/videogame-store/PSP0/Test" start="@1632833187876" delta="5" />
  <time id="30" path="/videogame-store/PSP0/Test" start="@1632834688014" delta="84" interrupt="6" />
  <time id="31" path="/videogame-store/PSP0/Test" start="@1632844951264" delta="98" interrupt="11" />
  <time id="32" path="/videogame-store/PSP0/Compile" start="@1632861566685" delta="16" />
  <time id="33" path="/videogame-store/PSP0/Compile" start="@1632862517437" delta="52" />
  <time id="34" path="/videogame-store/PSP0/Compile" start="@1632866698482" delta="27" />
  <time id="35" path="/videogame-store/PSP0/Compile" start="@1632872028467" delta="19" />
  <time id="36" path="/videogame-store/PSP0/Postmortem" start="@1632874458066" delta="53" />
  <time id="37" path="/videogame-store/PSP0/Test" start="@1632880824297" delta="19" />
  <time id="38" path="/videogame-store/PSP0/Compile" start="@1632881961191" delta="41" />
  <time id="39" path="/videogame-store/PSP0/Postmortem" start="@1632886455137" delta="19" />
  <time id="40" path="/basketball-manager/PSP0/Planning" start="@1634962452787" delta="58" />
  <time id="41" path="/basketball-manager/PSP0/Planning" start="@1635025987164" delta="82" />
  <time id="42" path="/basketball-manager/PSP0/Planning" start="@1635048300414" delta="124" />
  <time id="43" path="/basketball-manager/PSP0/Design" start="@1635048559684" delta="13" />
  <time id="44" path="/basketball-manager/PSP0/Planning" start="@1635221658811" delta="25" />
  <time id="45" path="/basketball-manager/PSP0/Planning" start="@1635285107657" delta="24" />
  <time id="46" path="/basketball-manager/PSP0/Code" start="@1635265990000" delta="20" />
  <time id="47" path="/basketball-manager/PSP0/Design" start="@1635525742195" delta="68" />
  <time id="48" path="/basketball-manager/PSP0/Design" start="@1635563564611" delta="80" />
  <time id="49" path="/basketball-manager/PSP0/Design" start="@1635632009571" delta="54" />
  <time id="50" path="/basketball-manager/PSP0/Code" start="@1635636606792" delta="69" />
  <time id="51" path="/basketball-manager/PSP0/Postmortem" start="@1635636680513" delta="18" />
  <time id="52" path="/basketball-manager/PSP0/Postmortem" start="@1635647655719" delta="169" />
  <time id="53" path="/basketball-manager/PSP0/Test" start="@1635660891159" delta="28" />
  <time id="54" path="/basketball-manager/PSP0/Test" start="@1635699376414" delta="154" />
  <time id="55" path="/basketball-manager/PSP0/Test" start="@1635715562692" delta="163" />
  <time id="56" path="/basketball-manager/PSP0/Code" start="@1635725349492" delta="14" />
  <time id="57" path="/basketball-manager/PSP0/Compile" start="@1635735578418" delta="60" />
  <time id="58" path="/basketball-manager/PSP0/Test" start="@1635739197297" delta="181" interrupt="24" />
  <time id="59" path="/basketball-manager/PSP0/Postmortem" start="@1635758786690" delta="42" />
  <time id="60" path="/intrepid-climber/PSP0/Planning" start="@1636762217081" delta="202" />
  <time id="61" path="/intrepid-climber/PSP0/Design" start="@1636862949000" delta="112" />
  <time id="62" path="/intrepid-climber/PSP0/Design" start="@1636941630162" delta="158" />
  <time id="63" path="/intrepid-climber/PSP0/Code" start="@1637447895319" delta="70" />
  <time id="64" path="/intrepid-climber/PSP0/Code" start="@1637458541666" delta="47" />
  <time id="65" path="/intrepid-climber/PSP0/Code" start="@1637528034889" delta="80" />
  <time id="66" path="/intrepid-climber/PSP0/Code" start="@1637541902993" delta="4" />
  <time id="67" path="/intrepid-climber/PSP0/Code" start="@1637551823596" delta="45" />
  <time id="68" path="/intrepid-climber/PSP0/Code" start="@1637600747576" delta="42" />
  <time id="69" path="/intrepid-climber/PSP0/Code" start="@1637612593601" delta="5" />
  <time id="70" path="/intrepid-climber/PSP0/Code" start="@1637625679949" delta="26" />
  <time id="71" path="/intrepid-climber/PSP0/Code" start="@1637723621108" delta="30" />
  <time id="72" path="/intrepid-climber/PSP0/Code" start="@1637728687081" delta="48" />
  <time id="73" path="/intrepid-climber/PSP0/Test" start="@1637780569508" delta="26" />
  <time id="74" path="/intrepid-climber/PSP0/Test" start="@1637784302694" delta="9" />
  <time id="75" path="/intrepid-climber/PSP0/Test" start="@1637810616436" delta="81" />
  <time id="76" path="/intrepid-climber/PSP0/Test" start="@1638245179094" delta="99" />
  <time id="77" path="/intrepid-climber/PSP0/Test" start="@1638326147395" delta="44" />
  <time id="78" path="/intrepid-climber/PSP0/Postmortem" start="@1638408026000" delta="60" />
  <time id="79" path="/intrepid-climber/PSP0/Compile" start="@1638411667000" delta="83" />
</timeLogEntries>
