<?xml version='1.0' encoding='UTF-8' ?>
<timeLogEntries>
  <time id="1" path="/videogame-store/PSP0/Planning" start="@1631658658135" delta="62" interrupt="8" />
  <time id="2" path="/videogame-store/PSP0/Planning" start="@1631663952085" delta="2" />
  <time id="3" path="/videogame-store/PSP0/Planning" start="@1631665172050" delta="42" />
  <time id="4" path="/videogame-store/PSP0/Planning" start="@1632002214700" delta="96" />
  <time id="5" path="/videogame-store/PSP0/Design" start="@1632261034678" delta="5" />
  <time id="6" path="/videogame-store/PSP0/Design" start="@1632417530462" delta="150" />
  <time id="7" path="/videogame-store/PSP0/Design" start="@1632852344361" delta="104" />
  <time id="8" path="/videogame-store/PSP0/Code" start="@1632858606831" delta="531" />
  <time id="9" path="/basketball-manager/PSP0/Planning" start="@1634255732023" delta="77" />
  <time id="10" path="/basketball-manager/PSP0/Planning" start="@1635443718418" delta="26" />
  <time id="11" path="/basketball-manager/PSP0/Design" start="@1635445278403" delta="59" />
  <time id="12" path="/basketball-manager/PSP0/Design" start="@1635481806810" delta="101" />
  <time id="13" path="/basketball-manager/PSP0/Design" start="@1635521562511" delta="53" />
  <time id="14" path="/basketball-manager/PSP0/Code" start="@1635605802534" delta="511" />
  <time id="15" path="/basketball-manager/PSP0/Code" start="@1635659042199" delta="30" />
  <time id="16" path="/basketball-manager/PSP0/Code" start="@1635690078373" delta="131" />
  <time id="17" path="/basketball-manager/PSP0/Code" start="@1635709979317" delta="129" />
  <time id="18" path="/basketball-manager/PSP0/Code" start="@1635721785303" delta="224" />
  <time id="19" path="/basketball-manager/PSP0/Code" start="@1635741006217" delta="207" interrupt="11" />
  <time id="20" path="/basketball-manager/PSP0/Compile" start="@1635754134519" delta="20" />
  <time id="21" path="/basketball-manager/PSP0/Test" start="@1635755334240" delta="49" />
  <time id="22" path="/power-transmission/PSP0/Planning" start="@1636764717816" delta="163" />
  <time id="23" path="/power-transmission/PSP0/Code" start="@1638157273766" delta="31" />
</timeLogEntries>
